{"loss": 0.23207589983940125, "binary_accuracy": 0.8998987078666687, "fpr": [0.0, 0.0007550644567219153, 0.0007550644567219153, 0.0007734806629834254, 0.0007918968692449355, 0.0008103130755064457, 0.0008287292817679558, 0.0008655616942909761, 0.0009208103130755065, 0.0009576427255985267, 0.0009760589318600369, 0.0010128913443830571, 0.0010681399631675874, 0.0010681399631675874, 0.0010865561694290975, 0.001123388581952118, 0.001160220994475138, 0.0011970534069981583, 0.0012523020257826888, 0.0012707182320441989, 0.001289134438305709, 0.0013443830570902394, 0.0013627992633517495, 0.0013996316758747697, 0.0014732965009208103, 0.0015101289134438307, 0.001583793738489871, 0.001583793738489871, 0.0016206261510128914, 0.0016574585635359116, 0.0017311233885819522, 0.0017679558011049724, 0.0018784530386740331, 0.0019152854511970533, 0.001970534069981584, 0.001988950276243094, 0.002044198895027624, 0.0020810313075506444, 0.0022651933701657457, 0.0023020257826887663, 0.0023756906077348067, 0.0024677716390423573, 0.002578268876611418, 0.002578268876611418, 0.0026703499079189686, 0.002725598526703499, 0.0028176795580110497, 0.00287292817679558, 0.0029465930018416206, 0.002965009208103131, 0.0030755064456721914, 0.003167587476979742, 0.003278084714548803, 0.003425414364640884, 0.003443830570902394, 0.0034806629834254143, 0.003554327808471455, 0.0036464088397790057, 0.003701657458563536, 0.0037753222836095766, 0.0039042357274401474, 0.0039594843462246775, 0.004051565377532229, 0.0040699815837937385, 0.004217311233885819, 0.00425414364640884, 0.004383057090239411, 0.004567219152854512, 0.004677716390423573, 0.004806629834254144, 0.004861878453038674, 0.005046040515653776, 0.0051749539594843465, 0.005230202578268877, 0.005395948434622468, 0.005580110497237569, 0.00576427255985267, 0.005930018416206262, 0.006132596685082873, 0.006243093922651934, 0.006390423572744015, 0.006574585635359116, 0.0066298342541436465, 0.006721915285451197, 0.006813996316758748, 0.006924493554327809, 0.007090239410681399, 0.007274401473296501, 0.007403314917127072, 0.0076243093922651935, 0.007845303867403315, 0.007992633517495396, 0.008232044198895028, 0.00845303867403315, 0.00869244935543278, 0.008968692449355433, 0.009189686924493554, 0.009465930018416207, 0.009723756906077349, 0.01001841620626151, 0.010441988950276242, 0.010736648250460406, 0.011141804788213628, 0.011454880294659301, 0.011860036832412523, 0.012136279926335175, 0.012541436464088397, 0.01270718232044199, 0.013130755064456722, 0.013425414364640884, 0.013646408839779006, 0.014051565377532228, 0.01432780847145488, 0.014659300184162062, 0.015082872928176795, 0.015414364640883978, 0.01585635359116022, 0.016187845303867403, 0.016556169429097607, 0.01703499079189687, 0.01744014732965009, 0.017863720073664824, 0.018305709023941068, 0.018710865561694292, 0.019097605893186004, 0.019447513812154697, 0.01996316758747698, 0.020423572744014733, 0.021104972375690607, 0.02162062615101289, 0.022320441988950276, 0.02279926335174954, 0.023517495395948433, 0.024051565377532228, 0.02464088397790055, 0.025248618784530386, 0.026648250460405157, 0.027421731123388582, 0.028066298342541436, 0.028987108655616944, 0.029650092081031306, 0.030607734806629833, 0.03114180478821363, 0.032099447513812156, 0.033186003683241254, 0.03394106813996317, 0.034659300184162065, 0.035930018416206265, 0.03686924493554328, 0.037900552486187844, 0.03863720073664825, 0.0398158379373849, 0.040865561694290974, 0.04197053406998159, 0.04298342541436464, 0.04429097605893186, 0.045156537753222835, 0.04644567219152854, 0.04758747697974217, 0.04865561694290976, 0.05009208103130755, 0.051602209944751384, 0.05294659300184162, 0.05427255985267035, 0.05572744014732965, 0.05749539594843462, 0.05869244935543278, 0.06046040515653775, 0.062357274401473296, 0.0643646408839779, 0.06587476979742173, 0.06784530386740331, 0.06985267034990791, 0.07228360957642725, 0.07432780847145488, 0.07644567219152855, 0.07861878453038675, 0.08121546961325966, 0.08333333333333333, 0.08569060773480663, 0.08821362799263352, 0.09069981583793739, 0.0930939226519337, 0.09583793738489871, 0.09878453038674033, 0.10178637200736648, 0.10478821362799264, 0.10839779005524862, 0.1114732965009208, 0.11478821362799263, 0.1183609576427256, 0.12261510128913444, 0.12624309392265193, 0.13071823204419888, 0.13502762430939227, 0.13972375690607736, 0.14443830570902394, 0.1496500920810313, 0.1545672191528545, 0.16071823204419888, 0.16587476979742174, 0.17195211786372008, 0.17832412523020258, 0.18467771639042357, 0.19149171270718232, 0.19941068139963167, 0.20662983425414364, 0.2151012891344383, 0.22335174953959486, 0.2332596685082873, 0.24259668508287294, 0.25392265193370167, 0.2648434622467772, 0.2770902394106814, 0.28918968692449354, 0.3027255985267035, 0.31662983425414365, 0.33388581952117863, 0.35012891344383057, 0.36998158379373847, 0.38718232044198897, 0.41099447513812154, 0.4309208103130755, 0.4574585635359116, 0.4827255985267035, 0.5122651933701657, 0.5398526703499079, 0.5714917127071824, 0.6018968692449356, 0.6349355432780848, 0.6661878453038674, 0.7014732965009208, 0.7320626151012891, 0.765451197053407, 0.7944751381215469, 0.8258195211786372, 0.8514917127071823, 0.8775506445672192, 0.8965009208103131, 0.916206261510129, 0.9318416206261511, 0.9465745856353591, 0.9577900552486188, 0.9679742173112339, 0.9754696132596685, 0.9816390423572744, 0.9861510128913444, 0.9899079189686925, 0.9926887661141804, 0.9946224677716391, 0.996243093922652, 0.9974585635359116, 0.9981767955801105, 1.0],