{"loss": 0.23901955783367157, "binary_accuracy": 0.9017771482467651, "fpr": [0.0, 0.0016022099447513811, 0.0018047882136279926, 0.0019337016574585636, 0.0022283609576427255, 0.0023572744014732964, 0.0027071823204419887, 0.0029281767955801107, 0.003296500920810313, 0.003554327808471455, 0.003996316758747698, 0.00427255985267035, 0.004861878453038674, 0.0051749539594843465, 0.00574585635359116, 0.006132596685082873, 0.006813996316758748, 0.0072928176795580115, 0.008268876611418048, 0.00867403314917127, 0.00988950276243094, 0.010755064456721915, 0.011933701657458563, 0.01278084714548803, 0.013977900552486188, 0.014732965009208104, 0.016464088397790056, 0.017808471454880296, 0.02027624309392265, 0.021399631675874768, 0.023646408839779004, 0.025451197053407, 0.02830570902394107, 0.030239410681399632, 0.03427255985267035, 0.03642725598526703, 0.04169429097605893, 0.04517495395948434, 0.05117863720073665, 0.055027624309392266, 0.06232044198895027, 0.06703499079189687, 0.0760036832412523, 0.08230202578268876, 0.09421731123388583, 0.10224677716390423, 0.11813996316758747, 0.12968692449355432, 0.15235727440147329, 0.16878453038674032, 0.20248618784530387, 0.22605893186003684, 0.27810313075506443, 0.31699815837937384, 0.3945303867403315, 0.452670349907919, 0.5626519337016574, 0.6364272559852671, 0.7580110497237569, 0.8228729281767956, 0.9078637200736648, 0.9424493554327809, 1.0], "tpr": [0.0, 0.8027624309392265, 0.804622467771639, 0.80548802946593, 0.8071086556169429, 0.8083425414364641, 0.8100184162062615, 0.8109760589318601, 0.8126151012891344, 0.8135911602209944, 0.81548802946593, 0.8166666666666667, 0.818195211786372, 0.8192081031307551, 0.821012891344383, 0.8223388581952118, 0.8241804788213628, 0.8252302025782688, 0.8273664825046041, 0.8286372007366483, 0.8307550644567219, 0.831878453038674, 0.8342541436464088, 0.8355064456721916, 0.8377716390423573, 0.8393738489871087, 0.8414364640883978, 0.8425230202578269, 0.8453591160220995, 0.8469429097605893, 0.8496132596685083, 0.8509944751381215, 0.8535543278084714, 0.8549907918968692, 0.8577900552486187, 0.8592265193370165, 0.8624125230202578, 0.8641436464088398, 0.867255985267035, 0.8694290976058932, 0.8733517495395948, 0.8755801104972376, 0.8792817679558012, 0.8814732965009208, 0.885524861878453, 0.8882688766114181, 0.8936648250460405, 0.8966114180478821, 0.9028729281767955, 0.9067403314917127, 0.914548802946593, 0.9196869244935544, 0.9293370165745857, 0.9357274401473297, 0.9469429097605894, 0.953720073664825, 0.9656537753222836, 0.9728545119705341, 0.9834069981583794, 0.9884530386740331, 0.9942909760589319, 0.9967587476979742, 1.0], "thresh": [1.984375, 0.984375, 0.96875, 0.953125, 0.9375, 0.921875, 0.90625, 0.890625, 0.875, 0.859375, 0.84375, 0.828125, 0.8125, 0.796875, 0.78125, 0.765625, 0.75, 0.734375, 0.71875, 0.703125, 0.6875, 0.671875, 0.65625, 0.640625, 0.625, 0.609375, 0.59375, 0.578125, 0.5625, 0.546875, 0.53125, 0.515625, 0.5, 0.484375, 0.46875, 0.453125, 0.4375, 0.421875, 0.40625, 0.390625, 0.375, 0.359375, 0.34375, 0.328125, 0.3125, 0.296875, 0.28125, 0.265625, 0.25, 0.234375, 0.21875, 0.203125, 0.1875, 0.171875, 0.15625, 0.140625, 0.125, 0.109375, 0.09375, 0.078125, 0.0625, 0.046875, 0.03125], "conf": [[54195, 105], [10562, 43738]], "bops": 316754734.41196424, "layer_bops": {"Conv_1": 57003869.28344729, "Conv_2": 214455873.34440225, "Conv_3": 45290624.03026854, "wavrec_out": 4367.753846153846, "seq": [{"Conv_1": 57003869.28344729}, {"Conv_2": 214455873.34440225}, {"Conv_3": 45290624.03026854}, {"wavrec_out": 4367.753846153846}]}}