{"loss": 0.30149441957473755, "binary_accuracy": 0.5, "fpr": [0.0, 0.020662983425414366, 0.02421731123388582, 0.0258195211786372, 0.03005524861878453, 0.031841620626151014, 0.03766114180478821, 0.04001841620626151, 0.0483609576427256, 0.05110497237569061, 0.06130755064456722, 0.0649171270718232, 0.07950276243093923, 0.08440147329650093, 0.10519337016574586, 1.0], "tpr": [0.0, 0.8297053406998158, 0.8338489871086556, 0.8351381215469613, 0.8396685082872928, 0.8413627992633518, 0.8458931860036832, 0.8474033149171271, 0.8525782688766114, 0.8539963167587477, 0.8590423572744015, 0.860791896869245, 0.867182320441989, 0.8692449355432781, 0.8766298342541436, 1.0], "thresh": [1.9375, 0.9375, 0.875, 0.8125, 0.75, 0.6875, 0.625, 0.5625, 0.5, 0.4375, 0.375, 0.3125, 0.25, 0.1875, 0.125, 0.0625], "conf": [[54300, 0], [54300, 0]], "bops": 173648583.23254544, "layer_bops": {"Conv_1": 31580669.283447288, "Conv_2": 117394737.54193312, "Conv_3": 24670956.099472694, "wavrec_out": 2220.3076923076924, "seq": [{"Conv_1": 31580669.283447288}, {"Conv_2": 117394737.54193312}, {"Conv_3": 24670956.099472694}, {"wavrec_out": 2220.3076923076924}]}}