{"loss": 0.4455856382846832, "binary_accuracy": 0.8704235553741455, "fpr": [0.0, 0.05267034990791897, 0.05440147329650092, 0.05615101289134438, 0.05797421731123389, 0.059558011049723754, 0.06152854511970534, 0.06331491712707182, 0.06515653775322283, 0.06694290976058932, 0.06885819521178638, 0.07136279926335175, 0.07335174953959485, 0.07535911602209945, 0.07791896869244935, 0.08057090239410682, 0.09, 0.09318600368324126, 0.09611418047882136, 0.09939226519337016, 0.10246777163904236, 0.10537753222836095, 0.10883977900552486, 0.11228360957642726, 0.11548802946593002, 0.11911602209944751, 0.12233885819521179, 0.12589318600368324, 0.12957642725598525, 0.13337016574585636, 0.1371270718232044, 1.0], "tpr": [0.0, 0.7935174953959484, 0.7946408839779006, 0.7958563535911602, 0.7974401473296501, 0.79902394106814, 0.8004051565377532, 0.8018968692449355, 0.8034622467771639, 0.8050276243093922, 0.8067219152854512, 0.808195211786372, 0.8097421731123389, 0.8112338858195212, 0.8126151012891344, 0.8140331491712707, 0.8185267034990792, 0.82, 0.821620626151013, 0.8233149171270718, 0.8247697974217312, 0.8262246777163904, 0.8276611418047882, 0.8291528545119705, 0.8308655616942909, 0.8323388581952118, 0.8341804788213628, 0.8356537753222836, 0.8372375690607735, 0.8388950276243093, 0.8401657458563536, 1.0], "thresh": [1.96875, 0.96875, 0.9375, 0.90625, 0.875, 0.84375, 0.8125, 0.78125, 0.75, 0.71875, 0.6875, 0.65625, 0.625, 0.59375, 0.5625, 0.53125, 0.5, 0.46875, 0.4375, 0.40625, 0.375, 0.34375, 0.3125, 0.28125, 0.25, 0.21875, 0.1875, 0.15625, 0.125, 0.09375, 0.0625, 0.03125], "conf": [[51440, 2860], [11212, 43088]], "bops": 165311552.11672345, "layer_bops": {"Conv_1": 30155069.283447284, "Conv_2": 111695735.07279733, "Conv_3": 23458653.483555738, "wavrec_out": 2094.276923076923, "seq": [{"Conv_1": 30155069.283447284}, {"Conv_2": 111695735.07279733}, {"Conv_3": 23458653.483555738}, {"wavrec_out": 2094.276923076923}]}}