{"loss": 0.4706677794456482, "binary_accuracy": 0.5, "fpr": [0.0, 0.0019337016574585636, 0.003130755064456722, 1.0], "tpr": [0.0, 0.6614917127071823, 0.6737937384898711, 1.0], "thresh": [1.75, 0.75, 0.5, 0.25], "conf": [[54300, 0], [54300, 0]], "bops": 97514005.42179148, "layer_bops": {"Conv_1": 17799869.283447284, "Conv_2": 65961240.25798251, "Conv_3": 13751813.78805401, "wavrec_out": 1082.0923076923077, "seq": [{"Conv_1": 17799869.283447284}, {"Conv_2": 65961240.25798251}, {"Conv_3": 13751813.78805401}, {"wavrec_out": 1082.0923076923077}]}}