{"loss": 0.263935387134552, "binary_accuracy": 0.5, "fpr": [0.0, 0.0020257826887661143, 0.003149171270718232, 0.0040699815837937385, 0.006316758747697974, 0.007955801104972376, 0.01283609576427256, 0.01685082872928177, 0.027697974217311235, 0.03839779005524862, 0.0683609576427256, 0.10095764272559853, 0.20675874769797423, 0.3166114180478821, 0.5993370165745856, 1.0], "tpr": [0.0, 0.8003130755064457, 0.8069244935543278, 0.8106813996316758, 0.8176795580110497, 0.8223756906077349, 0.830902394106814, 0.8367955801104973, 0.8476058931860037, 0.8555616942909761, 0.8712891344383057, 0.8835359116022099, 0.9104419889502763, 0.9303867403314917, 0.9642909760589319, 1.0], "thresh": [1.9375, 0.9375, 0.875, 0.8125, 0.75, 0.6875, 0.625, 0.5625, 0.5, 0.4375, 0.375, 0.3125, 0.25, 0.1875, 0.125, 0.0625], "conf": [[54300, 0], [54300, 0]], "bops": 198935001.0221004, "layer_bops": {"Conv_1": 36095069.28344729, "Conv_2": 134527363.7147726, "Conv_3": 28309968.639265083, "wavrec_out": 2599.3846153846152, "seq": [{"Conv_1": 36095069.28344729}, {"Conv_2": 134527363.7147726}, {"Conv_3": 28309968.639265083}, {"wavrec_out": 2599.3846153846152}]}}