{"loss": 0.24965353310108185, "binary_accuracy": 0.8967034816741943, "fpr": [0.0, 0.0013075506445672192, 0.0016574585635359116, 0.0019152854511970533, 0.0023572744014732964, 0.0026519337016574587, 0.0036464088397790057, 0.00425414364640884, 0.005027624309392265, 0.00576427255985267, 0.007016574585635359, 0.007974217311233886, 0.010257826887661142, 0.011749539594843462, 0.014953959484346224, 0.01744014732965009, 0.022246777163904236, 0.02548802946593002, 0.03261510128913444, 0.03779005524861878, 0.049318600368324125, 0.0578268876611418, 0.07786372007366482, 0.09410681399631676, 0.1397790055248619, 0.18502762430939226, 0.31758747697974216, 0.4388766114180479, 0.699060773480663, 0.8385082872928177, 0.9623020257826888, 1.0], "tpr": [0.0, 0.7947145488029466, 0.7981031307550644, 0.800036832412523, 0.8032228360957643, 0.8052302025782688, 0.8084162062615101, 0.8103867403314917, 0.8141620626151013, 0.8165193370165745, 0.8204419889502762, 0.822780847145488, 0.8272375690607735, 0.8306077348066299, 0.83548802946593, 0.8383057090239411, 0.8429834254143647, 0.8460405156537754, 0.851841620626151, 0.8559668508287293, 0.8621178637200737, 0.8666850828729282, 0.8753038674033149, 0.8817863720073665, 0.8959300184162062, 0.9068508287292818, 0.9313259668508287, 0.9488213627992633, 0.9766850828729282, 0.9886740331491712, 0.9978821362799264, 1.0], "thresh": [1.96875, 0.96875, 0.9375, 0.90625, 0.875, 0.84375, 0.8125, 0.78125, 0.75, 0.71875, 0.6875, 0.65625, 0.625, 0.59375, 0.5625, 0.53125, 0.5, 0.46875, 0.4375, 0.40625, 0.375, 0.34375, 0.3125, 0.28125, 0.25, 0.21875, 0.1875, 0.15625, 0.125, 0.09375, 0.0625, 0.03125], "conf": [[54229, 71], [11147, 43153]], "bops": 224221418.81165537, "layer_bops": {"Conv_1": 40609469.28344729, "Conv_2": 151659989.88761213, "Conv_3": 31948981.179057468, "wavrec_out": 2978.4615384615386, "seq": [{"Conv_1": 40609469.28344729}, {"Conv_2": 151659989.88761213}, {"Conv_3": 31948981.179057468}, {"wavrec_out": 2978.4615384615386}]}}