{"loss": 0.2581527829170227, "binary_accuracy": 0.8896592855453491, "fpr": [0.0, 0.0009208103130755065, 0.0011049723756906078, 0.0011970534069981583, 0.0013627992633517495, 0.00141804788213628, 0.0016206261510128914, 0.0017863720073664825, 0.0018968692449355432, 0.0020810313075506444, 0.0023941068139963165, 0.0025046040515653775, 0.0029834254143646407, 0.0032044198895027623, 0.0035911602209944752, 0.0038305709023941066, 0.00427255985267035, 0.004585635359116022, 0.005193370165745856, 0.005598526703499079, 0.006298342541436464, 0.006758747697974217, 0.007900552486187845, 0.00867403314917127, 0.01, 0.010736648250460406, 0.012578268876611417, 0.013554327808471454, 0.015506445672191529, 0.016721915285451198, 0.018968692449355434, 0.020386740331491713, 0.02325966850828729, 0.025082872928176795, 0.028766114180478822, 0.03128913443830571, 0.03591160220994475, 0.03918968692449355, 0.04511970534069982, 0.04880294659300184, 0.05668508287292818, 0.061491712707182324, 0.07162062615101289, 0.07950276243093923, 0.09368324125230203, 0.10394106813996316, 0.1229097605893186, 0.13642725598526703, 0.16462246777163905, 0.18451197053406998, 0.22703499079189687, 0.26084714548802945, 0.3336279926335175, 0.396427255985267, 0.53646408839779, 0.6630939226519337, 0.9996132596685083, 0.9998526703499079, 0.9999815837937385, 1.0], "tpr": [0.0, 0.7780294659300184, 0.7796685082872928, 0.7805156537753223, 0.782596685082873, 0.7834622467771639, 0.7851197053406999, 0.786206261510129, 0.7878637200736648, 0.7889686924493554, 0.7906813996316758, 0.791841620626151, 0.793646408839779, 0.7949355432780847, 0.7969613259668509, 0.7982136279926335, 0.8004604051565377, 0.8016206261510129, 0.8034254143646409, 0.80451197053407, 0.8067403314917128, 0.8079926335174954, 0.8100184162062615, 0.8112154696132596, 0.8134438305709024, 0.8151381215469613, 0.8178453038674033, 0.8196500920810313, 0.8223020257826887, 0.8240147329650092, 0.8266482504604051, 0.8283241252302026, 0.8313812154696133, 0.8330202578268877, 0.836427255985267, 0.838011049723757, 0.8417495395948434, 0.8440699815837938, 0.8486003683241252, 0.8509944751381215, 0.8558563535911602, 0.8584162062615102, 0.8630755064456722, 0.8658011049723757, 0.8715653775322284, 0.8750276243093923, 0.8811418047882136, 0.8850644567219152, 0.8924493554327808, 0.8978821362799263, 0.907255985267035, 0.9135543278084715, 0.9264456721915285, 0.9358379373848987, 0.95353591160221, 0.968158379373849, 0.9999815837937385, 0.9999815837937385, 1.0, 1.0], "thresh": [1.984375, 0.984375, 0.96875, 0.953125, 0.9375, 0.921875, 0.90625, 0.890625, 0.875, 0.859375, 0.84375, 0.828125, 0.8125, 0.796875, 0.78125, 0.765625, 0.75, 0.734375, 0.71875, 0.703125, 0.6875, 0.671875, 0.65625, 0.640625, 0.625, 0.609375, 0.59375, 0.578125, 0.5625, 0.546875, 0.53125, 0.515625, 0.5, 0.484375, 0.46875, 0.453125, 0.4375, 0.421875, 0.40625, 0.390625, 0.375, 0.359375, 0.34375, 0.328125, 0.3125, 0.296875, 0.28125, 0.265625, 0.25, 0.234375, 0.21875, 0.203125, 0.1875, 0.171875, 0.15625, 0.140625, 0.125, 0.109375, 0.09375, 0.078125], "conf": [[54235, 65], [11918, 42382]], "bops": 249507836.60121033, "layer_bops": {"Conv_1": 45123869.28344729, "Conv_2": 168792616.06045163, "Conv_3": 35587993.71884985, "wavrec_out": 3357.538461538462, "seq": [{"Conv_1": 45123869.28344729}, {"Conv_2": 168792616.06045163}, {"Conv_3": 35587993.71884985}, {"wavrec_out": 3357.538461538462}]}}