{"loss": 0.6372385025024414, "binary_accuracy": 0.8019705414772034, "fpr": [0.0, 0.022541436464088398, 0.02325966850828729, 0.024419889502762433, 0.025248618784530386, 0.026040515653775322, 0.02686924493554328, 0.027808471454880294, 0.02880294659300184, 0.02985267034990792, 0.030976058931860038, 0.032025782688766116, 0.03294659300184162, 0.03395948434622468, 0.034990791896869246, 0.036279926335174954, 0.03736648250460405, 0.038360957642725596, 0.03979742173112339, 0.04123388581952118, 0.04257826887661142, 0.043664825046040516, 0.044825046040515654, 0.0461878453038674, 0.047495395948434625, 0.04882136279926335, 0.05034990791896869, 0.05152854511970534, 0.05303867403314917, 0.05451197053406998, 0.056040515653775325, 1.0], "tpr": [0.0, 0.6264825046040515, 0.6287292817679558, 0.6310865561694291, 0.6337937384898711, 0.6356353591160221, 0.6381399631675875, 0.6404604051565378, 0.6426703499079189, 0.6452486187845304, 0.6476795580110497, 0.6497974217311234, 0.6520810313075507, 0.654475138121547, 0.6565377532228361, 0.6586556169429097, 0.6611970534069982, 0.6638674033149171, 0.6660405156537753, 0.668305709023941, 0.6704051565377532, 0.6725414364640884, 0.6748987108655617, 0.6774769797421731, 0.6797605893186004, 0.6822651933701658, 0.684622467771639, 0.6869797421731123, 0.6893186003683242, 0.6919889502762431, 0.6946593001841621, 1.0], "thresh": [1.96875, 0.96875, 0.9375, 0.90625, 0.875, 0.84375, 0.8125, 0.78125, 0.75, 0.71875, 0.6875, 0.65625, 0.625, 0.59375, 0.5625, 0.53125, 0.5, 0.46875, 0.4375, 0.40625, 0.375, 0.34375, 0.3125, 0.28125, 0.25, 0.21875, 0.1875, 0.15625, 0.125, 0.09375, 0.0625, 0.03125], "conf": [[53076, 1224], [20282, 34018]], "bops": 135856618.76925743, "layer_bops": {"Conv_1": 24927869.283447284, "Conv_2": 91713607.66538991, "Conv_3": 19213489.635804873, "wavrec_out": 1652.1846153846154, "seq": [{"Conv_1": 24927869.283447284}, {"Conv_2": 91713607.66538991}, {"Conv_3": 19213489.635804873}, {"wavrec_out": 1652.1846153846154}]}}