{"loss": 0.40187013149261475, "binary_accuracy": 0.5, "fpr": [0.0, 0.03489871086556169, 0.040313075506445674, 0.04541436464088398, 0.053351749539594845, 0.060883977900552486, 0.06917127071823205, 1.0], "tpr": [0.0, 0.7493738489871087, 0.754622467771639, 0.7601104972375691, 0.7678084714548803, 0.7729281767955801, 0.7783425414364641, 1.0], "thresh": [1.875, 0.875, 0.75, 0.625, 0.5, 0.375, 0.25, 0.125], "conf": [[54300, 0], [54300, 0]], "bops": 131412778.76925746, "layer_bops": {"Conv_1": 23977469.283447284, "Conv_2": 88828487.66538991, "Conv_3": 18605233.635804873, "wavrec_out": 1588.1846153846154, "seq": [{"Conv_1": 23977469.283447284}, {"Conv_2": 88828487.66538991}, {"Conv_3": 18605233.635804873}, {"wavrec_out": 1588.1846153846154}]}}