{"loss": 0.34758904576301575, "binary_accuracy": 0.8677624464035034, "fpr": [0.0, 0.0035911602209944752, 0.004640883977900552, 0.005119705340699816, 0.0066298342541436465, 0.007605893186003684, 0.010478821362799264, 0.011786372007366482, 0.014548802946593001, 0.016077348066298344, 0.020644567219152855, 0.023591160220994476, 0.02979742173112339, 0.03329650092081031, 0.04305709023941068, 0.0483609576427256, 0.14664825046040517, 0.1711233885819521, 0.22165745856353591, 0.24961325966850828, 0.3074033149171271, 0.3381767955801105, 0.40305709023941066, 0.43294659300184163, 0.49462246777163904, 0.5225230202578269, 0.5817127071823205, 0.6082872928176796, 0.6638121546961326, 0.6866666666666666, 0.7355064456721915, 1.0], "tpr": [0.0, 0.7391160220994475, 0.7454880294659301, 0.7474953959484346, 0.7533885819521179, 0.7558011049723757, 0.7621362799263351, 0.7649539594843462, 0.7710681399631676, 0.7735911602209945, 0.7804604051565378, 0.7833701657458564, 0.7905893186003683, 0.7938858195211786, 0.8015101289134439, 0.8053959484346225, 0.8383425414364641, 0.8450276243093923, 0.8586924493554328, 0.8651749539594843, 0.8806813996316759, 0.8873848987108656, 0.9014180478821363, 0.9076058931860037, 0.9212154696132596, 0.9266666666666666, 0.9380847145488029, 0.9429097605893186, 0.9524125230202578, 0.9563720073664825, 0.9644383057090239, 1.0], "thresh": [1.96875, 0.96875, 0.9375, 0.90625, 0.875, 0.84375, 0.8125, 0.78125, 0.75, 0.71875, 0.6875, 0.65625, 0.625, 0.59375, 0.5625, 0.53125, 0.5, 0.46875, 0.4375, 0.40625, 0.375, 0.34375, 0.3125, 0.28125, 0.25, 0.21875, 0.1875, 0.15625, 0.125, 0.09375, 0.0625, 0.03125], "conf": [[54105, 195], [14166, 40134]], "bops": 194766485.4641894, "layer_bops": {"Conv_1": 35382269.28344729, "Conv_2": 131677862.48020473, "Conv_3": 27703817.331306603, "wavrec_out": 2536.369230769231, "seq": [{"Conv_1": 35382269.28344729}, {"Conv_2": 131677862.48020473}, {"Conv_3": 27703817.331306603}, {"wavrec_out": 2536.369230769231}]}}